{
  "Precision(Box)": 0.7278889551496018,
  "Recall(Box)": 0.5604395604395604,
  "mAP50(Box)": 0.5676318463459515,
  "mAP50-95(Box)": 0.2586828323946636,
  "Precision(Mask)": 0.6988251193907105,
  "Recall(Mask)": 0.5384615384615384,
  "mAP50(Mask)": 0.5343221555012322,
  "mAP50-95(Mask)": 0.2168706776882893,
  "Box_Loss(Val)": 2.21978,
  "Seg_Loss(Val)": 4.91914,
  "Cls_Loss(Val)": 1.72981,
  "Fitness": 0.4755535100829529,
  "Speed_Pre": 5.510695304864629,
  "Speed_Inf": 23.08789082927411,
  "Speed_Post": 1.7576729390318022,
  "F1-Score(Mask)": 0.6082510411223155,
  "Dice_Coefficient": 0.6082510411223155,
  "Mean_IoU": 0.5343221555012322,
  "Accuracy": 0.6186433289261244,
  "Specificity": 0.5384615384615384,
  "Model": "Model_3_Your_v7",
  "Timestamp": "2026-02-05 17:14:48",
  "Total_Epochs_Trained": 100,
  "Final_Train_Loss": 3.57125,
  "Final_Val_Loss": 8.86873
}