{
  "Precision(Box)": 0.6679989350483226,
  "Recall(Box)": 0.5604395604395604,
  "mAP50(Box)": 0.5688505122089902,
  "mAP50-95(Box)": 0.2482231053414701,
  "Precision(Mask)": 0.7046136040591197,
  "Recall(Mask)": 0.4835164835164835,
  "mAP50(Mask)": 0.5295562640149571,
  "mAP50-95(Mask)": 0.2015523757684005,
  "Box_Loss(Val)": 2.22841,
  "Seg_Loss(Val)": 4.69348,
  "Cls_Loss(Val)": 1.76101,
  "Fitness": 0.4497754811098706,
  "Speed_Pre": 3.9423127194955976,
  "Speed_Inf": 15.485538097470076,
  "Speed_Post": 2.276811353756163,
  "F1-Score(Mask)": 0.5734932489888022,
  "Dice_Coefficient": 0.5734932489888022,
  "Mean_IoU": 0.5295562640149571,
  "Accuracy": 0.5940650437878016,
  "Specificity": 0.4835164835164836,
  "Model": "Model_4_Your_v8",
  "Timestamp": "2026-02-05 17:14:48",
  "Total_Epochs_Trained": 120,
  "Final_Train_Loss": 3.4781500000000003,
  "Final_Val_Loss": 8.6829
}